protein,mavisp_structure,total_aa,uniprot_ac,pfam_fold
ACVR1B,176-505,330,P36896,"PF08515,PF00069"
ACVR1B,29-110,82,P36896,PF01064
ACVR2A,191-503,313,P27037,PF00069
ADCK1,2-530,529,Q86TW2,PF03109
ADH1B,49-375,327,P00325,"PF08240,PF00107"
ADH1B,2-47,46,P00325,PF08240
AHR,35-591,557,P35869,"PF00010,PF00989,PF08447"
ALPK1,965-1244,280,Q96QP1,PF02816
AMBRA1,856-1038,183,Q9C0C7,
AMBRA1,6-204,199,Q9C0C7,PF00400
ANK2,964-1456,493,Q01484,"PF00791,PF17809"
ANK2,3561-3675,115,Q01484,PF00531
AP2A1,2-977,976,O95782,"PF01602,PF02883,PF02296"
APOC1,1-83,83,P02654,PF04691
ARID1A,1953-2285,333,O14497,PF12031
ARID1A,1005-1110,106,O14497,PF01388
ATG12,44-140,97,O94817,PF04110
ATG13,5-194,190,O75143,PF10033
ATG2A,2-1938,1937,Q2TAZ0,"PF12624,PF09333"
ATG3,2-314,313,Q9NT62,PF03987
ATG4A,25-398,374,Q8WYN0,"PF03416,PF20166"
ATG5,2-275,274,Q9H1Y0,"PF20638,PF20637,PF04106"
ATG9A,36-725,690,Q7Z3C6,PF04109
ATM,1-3056,3056,Q13315,"PF11640,PF02259,PF00454,PF02260"
ATXN3,2-361,360,P54252,"PF02099,PF02809,PF16619"
B2M,2-119,118,P61769,PF07654
BAK1,2-211,210,Q16611,PF00452
BARD1,422-777,356,Q99728,PF12796
BARD1,33-160,128,Q99728,PF14835
BCKDK,32-412,381,O14874,"PF10436,PF02518"
BCL10,10-117,108,O95999,PF00619
BCL2,2-211,210,P10415,"PF02180,PF00452"
BLM,368-1290,923,P54132,"PF16202,PF08072,PF16204,PF00270,PF00271,PF16124,PF09382,PF00570"
BRAF,41-722,682,P15056,"PF02196,PF00130,PF07714"
BRCA1,4-104,101,P38398,PF00097
BRCA1,1646-1860,215,P38398,PF00533
BRCA2,2479-3185,707,P51587,"PF09169,PF09103,PF09121,PF09104"
BRD4,43-173,131,O60885,PF00439
BRD4,608-678,71,O60885,PF17035
BTG1,2-131,130,P62324,PF07742
CALR,17-404,388,P27797,PF00262
CASP3,32-277,246,P42574,PF00656
CBFB,2-182,181,Q13951,PF02312
CBL,105-105,1,P22681,PF02262
CBL,256-259,4,P22681,PF02761
CBL,423-434,12,P22681,PF14447
CBL,885-889,5,P22681,PF00627
CBL,261-265,5,P22681,"PF02761,PF02762"
CBL,318-322,5,P22681,PF02762
CCND3,2-263,262,P30281,"PF00134,PF02984"
CDC34,6-193,188,P49427,PF00179
CELA3B,32-268,237,P08861,PF00089
CREBBP,587-675,89,Q92793,PF02172
CREBBP,1081-1870,790,Q92793,"PF00439,PF06001,PF08214,PF00569"
CREBBP,347-439,93,Q92793,PF02135
CSTB,1-98,98,P04080,PF00031
CTNNA1,2-906,905,P35221,PF01044
CUL3,23-768,746,Q13618,"PF00888,PF10557"
CYB5A,2-134,133,P00167,PF00173
CYB5R3,2-301,300,P00387,"PF00970,PF00175"
DDX10,11-561,551,Q13206,"PF00270,PF00271,PF13959"
DICER1,46-391,346,Q9UPY3,"PF00270,PF20930"
DICER1,440-1081,642,Q9UPY3,"PF00271,PF03368,PF20931,PF02170"
DICER1,1291-1390,100,Q9UPY3,PF00636
DICER1,1641-1914,274,Q9UPY3,PF20932
DR1,2-176,175,Q01658,PF00808
EGFR,2-1072,1071,P00533,"PF01030,PF00757,PF14843,PF21314,PF07714"
ERCC2,2-760,759,P18074,"PF06733,PF06777,PF13307"
ERCC3,51-727,677,P19447,"PF13625,PF04851,PF16203"
ERCC4,12-914,903,Q92889,PF02732
ESR1,181-253,73,P03372,"PF02159,PF00105"
ESR1,305-551,247,P03372,PF00104
FAM8A1,237-411,175,Q9UBU6,PF06271
FANCI,2-1279,1278,Q9NVI1,"PF14674,PF14675,PF14679,PF14676,PF14680,PF14677,PF14678"
FANCL,2-375,374,Q9NW38,"PF09765,PF18890,PF18891,PF11793"
FN1,307-477,171,P02751,PF00040
FN1,50-270,221,P02751,PF00039
FN1,542-2083,1542,P02751,PF00041
GATA3,258-367,110,P23771,PF00320
GRIN2A,32-387,356,Q12879,PF01094
GSR,61-522,462,P00390,"PF07992,PF02852"
HRAS,2-173,172,P01112,PF00071
KEAP1,52-624,573,Q14145,"PF00651,PF07707,PF01344"
KIF5A,6-380,375,Q12840,PF00225
LDHA,2-332,331,P00338,"PF00056,PF02866"
MAP1LC3B,2-120,119,Q9GZQ8,PF02991
MLH1,2-341,340,P40692,"PF13589,PF01119"
MLH1,501-756,256,P40692,PF16413
MSH2,2-934,933,Unknown,"PF01624,PF05188,PF05192,PF05190,PF00488"
MSH3,226-1137,912,P20585,"PF01624,PF05188,PF05192,PF00488"
MSH6,89-194,106,P52701,PF00855
MYH9,2-1919,1918,P35579,"PF02736,PF00063,PF01576"
MZF1,38-126,89,P28698,PF02023
MZF1,355-734,380,P28698,PF00096
NBN,2-749,748,O60934,"PF00498,PF00533,PF16508,PF08599"
NPLOC4,2-608,607,Q8TAT6,"PF11543,PF05020,PF05021"
OPTN,2-577,576,Q96CV9,"PF11577,PF16516,PF18414"
PABPC3,544-622,79,Q9H361,PF00658
PABPC3,10-387,378,Q9H361,PF00076
PARK7,2-189,188,Q99497,PF01965
PELI3,40-465,426,Q8N2H9,PF04710
PIK3C2B,1366-1475,110,O00750,PF00787
PIK3C2B,334-1340,1007,O00750,"PF00794,PF00792,PF00613,PF00454"
PIK3C2B,1505-1627,123,O00750,PF00168
PIK3CA,2-1068,1067,P42336,"PF02192,PF00794,PF00792,PF00613,PF00454"
PILRA,32-153,122,Q9UKJ1,PF07686
PMS2,607-862,256,P54278,PF08676
POLD1,2-1107,1106,P28340,"PF03104,PF00136,PF14260"
POLE,2-2286,2285,Q07864,"PF03104,PF00136,PF08490"
POLR2J2,1-111,111,Q9GZM3,PF13656
PPARG,2-505,504,P37231,"PF12577,PF00105,PF00104"
PTEN,2-351,350,P60484,PF10409
RAF1,1-648,648,P04049,"PF02196,PF00130,PF00069"
RFWD3,283-774,492,Q6PCD5,"PF13639,PF23419"
RUNX1,49-181,133,Q01196,PF00853
SMPD1,86-613,528,P17405,"PF00149,PF19272"
SRC,87-536,450,P12931,"PF00018,PF00017,PF07714"
STAT3,2-716,715,P40763,"PF02865,PF01017,PF02864,PF00017"
TMEM175,31-480,450,Q9BSA9,PF06736
TP53,91-289,199,P04637,PF00870
TRAP1,94-704,611,Q12931,"PF13589,PF00183"
TXN,2-105,104,P10599,PF00085
ULK1,837-1046,210,O75385,PF12063
VCP,22-766,745,P55072,"PF02359,PF02933,PF00004,PF17862,PF09336"
VHL,58-213,156,P40337,"PF01847,PF17211"
